{"brokenpowerlaw.refer": 5690.0, "brokenpowerlaw.ampl": 33.272521827423795, "brokenpowerlaw.index1": -2.975834407536471, "brokenpowerlaw.index2": 1.0, "Broad.amp_Heps_3970": 0.0, "Broad.amp_Hd_4102": 0.0, "Broad.amp_Hg_4340": 15.600613166461565, "Broad.amp_Hb_4861": 54.342359282636046, "Broad.amp_Ha_6563": 115.19579297496443, "Broad.offs_kms": 200.6774067761453, "Broad.fwhm": 4773.604199566692, "nr_OIII5007.ampl": 35.639292285916454, "nr_OIII5007.offs_kms": 3.961177733126184, "nr_OIII5007.fwhm": 1200.0, "nr_NII6584.ampl": 58.60952403707464, "nr_[OII]_3726.ampl": 6.1429011304989585, "nr_[OII]_3728.ampl": 17.067910621273665, "nr_[NeIII]_3868.ampl": 10.022993480808909, "nr_[OIII]_4363.ampl": 7.799059780494156, "nr_[OI]_6300.ampl": 0.6381784939940544, "nr_[OI]_6363.ampl": 4.767581705019953, "nr_[SII]_6716.ampl": 8.073235863217407, "nr_[SII]_6730.ampl": 3.492197541551858, "nr_Heps_3970.ampl": 7.327957775872021, "nr_Hd_4101.ampl": 7.919983425287084, "nr_Hg_4340.ampl": 16.155076032083617, "nr_Hb_4861.ampl": 45.40718893552491, "nr_Ha_6562.ampl": 148.73241824945347, "feii.amp_a2D2": 0.0, "feii.amp_a4G": 2.055710937200003, "feii.amp_a4H": 0.0, "feii.amp_a6S": 3.9892176293146764, "feii.amp_b2H": 0.9772682546266472, "feii.amp_b4D": 6.03372951470687, "feii.amp_b4F": 0.0, "feii.amp_b4P": 0.0, "feii.amp_z4D": 6.1238624737976455, "feii.amp_z4F": 7.978912638310511, "feii.amp_y4G": 0.0, "feii.amp_b4G": 0.16603213598583738, "feii.amp_x4D": 0.6093087552647832, "feii.amp_y4P": 0.0, "feii.offs_kms": -183.5930025970315, "feii.fwhm": 2000.0, "He.amp_HeI_4144": 0.0, "He.amp_HeI_4471": 0.0, "He.amp_HeII_4686": 7.452215000068386, "He.amp_HeI_5877": 11.589340416654604, "He.amp_HeI_7065": 4.435200267614744, "He.offs_kms": 156.52426518378914, "He.fwhm": 5000.0}