{"brokenpowerlaw.refer": 4190.0, "brokenpowerlaw.ampl": 66.89933785899836, "brokenpowerlaw.index1": -2.0814485916365566, "brokenpowerlaw.index2": -3.2625150365051088, "Broad.amp_Heps_3970": 0.0, "Broad.amp_Hd_4102": 11.452525529955604, "Broad.amp_Hg_4340": 31.131592468174816, "Broad.amp_Hb_4861": 59.73341506864181, "Broad.amp_Ha_6563": 106.61496522886051, "Broad.offs_kms": 178.23154597486453, "Broad.fwhm": 4915.844546619634, "nr_OIII5007.ampl": 39.91403544818788, "nr_OIII5007.offs_kms": 0.0, "nr_OIII5007.fwhm": 1200.0, "nr_NII6584.ampl": 66.27493276550473, "nr_[OII]_3726.ampl": 0.0, "nr_[OII]_3728.ampl": 12.651266268349316, "nr_[NeIII]_3868.ampl": 14.683266321141016, "nr_[OIII]_4363.ampl": 6.909155000555089, "nr_[OI]_6300.ampl": 1.487524824996699, "nr_[OI]_6363.ampl": 4.829270541290843, "nr_[SII]_6716.ampl": 7.120570377268093, "nr_[SII]_6730.ampl": 3.024625494326718, "nr_Heps_3970.ampl": 14.876569950918459, "nr_Hd_4101.ampl": 9.4745901554752, "nr_Hg_4340.ampl": 13.001207601268753, "nr_Hb_4861.ampl": 41.636863324442686, "nr_Ha_6562.ampl": 151.40959155994702, "feii.amp_a2D2": 0.7200646934875046, "feii.amp_a4G": 2.0784203595757536, "feii.amp_a4H": 0.8537655414548733, "feii.amp_a6S": 6.082934224034679, "feii.amp_b2H": 0.0, "feii.amp_b4D": 3.0730283337213313, "feii.amp_b4F": 3.820673892824294, "feii.amp_b4P": 4.60813917959172, "feii.amp_z4D": 4.6944401065686865, "feii.amp_z4F": 11.152817657183386, "feii.amp_y4G": 0.789972328630265, "feii.amp_b4G": 0.0, "feii.amp_x4D": 3.354152650913357, "feii.amp_y4P": 1.063015489327261, "feii.offs_kms": 243.39748570058774, "feii.fwhm": 2000.0, "He.amp_HeI_4144": 1.282931850249912, "He.amp_HeI_4471": 1.7888462866780355, "He.amp_HeII_4686": 14.509722775610218, "He.amp_HeI_5877": 9.25243777244922, "He.amp_HeI_7065": 3.081343060418458, "He.offs_kms": 432.2279575641212, "He.fwhm": 5000.0}