{"brokenpowerlaw.refer": 4521.216746390585, "brokenpowerlaw.ampl": 63.792464034988505, "brokenpowerlaw.index1": -3.0, "brokenpowerlaw.index2": 0.5470236071410502, "Broad.amp_Heps_3970": 0.0, "Broad.amp_Hd_4102": 0.0, "Broad.amp_Hg_4340": 17.984825564562293, "Broad.amp_Hb_4861": 53.15484247779361, "Broad.amp_Ha_6563": 109.9670114896827, "Broad.offs_kms": 206.61491756043745, "Broad.fwhm": 4831.1407764912965, "nr_OIII5007.ampl": 35.93915707362918, "nr_OIII5007.offs_kms": 0.0006406298271276162, "nr_OIII5007.fwhm": 1200.0, "nr_NII6584.ampl": 62.043027273981664, "nr_[OII]_3726.ampl": 6.317944222450338, "nr_[OII]_3728.ampl": 22.698006981016192, "nr_[NeIII]_3868.ampl": 15.856099937323341, "nr_[OIII]_4363.ampl": 8.165325958382192, "nr_[OI]_6300.ampl": 1.6201088188291533, "nr_[OI]_6363.ampl": 4.785436669711694, "nr_[SII]_6716.ampl": 7.967269388528259, "nr_[SII]_6730.ampl": 3.914150366472106, "nr_Heps_3970.ampl": 9.812507683845494, "nr_Hd_4101.ampl": 11.809199234391293, "nr_Hg_4340.ampl": 17.092385759694775, "nr_Hb_4861.ampl": 44.97535092064106, "nr_Ha_6562.ampl": 150.50687254592262, "feii.amp_a2D2": 0.0, "feii.amp_a4G": 0.0, "feii.amp_a4H": 0.0, "feii.amp_a6S": 3.0272709407678944, "feii.amp_b2H": 0.0, "feii.amp_b4D": 3.0273983505058424, "feii.amp_b4F": 0.13060822562884083, "feii.amp_b4P": 0.0, "feii.amp_z4D": 5.400083301496495, "feii.amp_z4F": 18.815200528884233, "feii.amp_y4G": 0.0, "feii.amp_b4G": 0.0, "feii.amp_x4D": 1.8606696942360064, "feii.amp_y4P": 0.0, "feii.offs_kms": 256.72941195473555, "feii.fwhm": 2000.0, "He.amp_HeI_4144": 0.0, "He.amp_HeI_4471": 0.0, "He.amp_HeII_4686": 8.845454231299591, "He.amp_HeI_5877": 9.761134933603712, "He.amp_HeI_7065": 5.180661008359108, "He.offs_kms": 259.0609158012922, "He.fwhm": 4238.486512696177}