{"brokenpowerlaw.refer": 4190.0, "brokenpowerlaw.ampl": 66.18675958054816, "brokenpowerlaw.index1": -2.057828498535581, "brokenpowerlaw.index2": -3.3775181230255793, "Broad.amp_Heps_3970": 0.0, "Broad.amp_Hd_4102": 12.732502498874283, "Broad.amp_Hg_4340": 31.07817992852238, "Broad.amp_Hb_4861": 61.387900230920486, "Broad.amp_Ha_6563": 104.59213829824655, "Broad.offs_kms": 178.9540263118911, "Broad.fwhm": 4880.100666922538, "nr_OIII5007.ampl": 41.692030386044806, "nr_OIII5007.offs_kms": 15.352009545262188, "nr_OIII5007.fwhm": 1200.0, "nr_NII6584.ampl": 64.26043991707984, "nr_[OII]_3726.ampl": 0.0, "nr_[OII]_3728.ampl": 12.745914976420446, "nr_[NeIII]_3868.ampl": 15.235941296291497, "nr_[OIII]_4363.ampl": 6.691985873408664, "nr_[OI]_6300.ampl": 0.0, "nr_[OI]_6363.ampl": 0.0, "nr_[SII]_6716.ampl": 7.07618773480307, "nr_[SII]_6730.ampl": 2.9370294525024705, "nr_Heps_3970.ampl": 15.417815091545254, "nr_Hd_4101.ampl": 8.673117320452903, "nr_Hg_4340.ampl": 12.188297964361618, "nr_Hb_4861.ampl": 39.733302512904096, "nr_Ha_6562.ampl": 151.77511533113824, "feii.amp_a2D2": 0.06149846475188742, "feii.amp_a4G": 0.48624592296982994, "feii.amp_a4H": 0.87334746751271, "feii.amp_a6S": 3.8036540427731413, "feii.amp_b2H": 0.0, "feii.amp_b4D": 0.09266743099328444, "feii.amp_b4F": 2.6506756099128164, "feii.amp_b4P": 4.1964866899736375, "feii.amp_z4D": 5.205133283033646, "feii.amp_z4F": 11.961639145528553, "feii.amp_y4G": 0.0, "feii.amp_b4G": 0.0, "feii.amp_x4D": 1.5280037449640802, "feii.amp_y4P": 2.0444630898381804, "feii.offs_kms": 1518.0608277069284, "feii.fwhm": 3903.6933840136658, "He.amp_HeI_4144": 1.7452166993277292, "He.amp_HeI_4471": 3.2449402168953636, "He.amp_HeII_4686": 13.18885898193239, "He.amp_HeI_5877": 9.318592536138294, "He.amp_HeI_7065": 3.0140337450290504, "He.offs_kms": 484.44917933796285, "He.fwhm": 5000.0}