{"brokenpowerlaw.refer": 5710.0, "brokenpowerlaw.ampl": 129.7351482008803, "brokenpowerlaw.index1": -1.3753634832154145, "brokenpowerlaw.index2": 0.3288890565319414, "br.amp_Hd_4102": 6.398353285042842, "br.amp_Hg_4340": 56.51263530954722, "br.amp_Hb_4861": 98.28151953302894, "br.amp_Ha_6563": 171.28748837499438, "br.offs_kms": 214.10514876937097, "br.fwhm": 5615.5901462548245, "nr_OIII5007.ampl": 103.64917822651803, "nr_OIII5007.offs_kms": 0.0, "nr_OIII5007.fwhm": 1200.0, "nr_NII6584.ampl": 255.85934623979216, "nr_[OIII]_4363.ampl": 1.3157825297978705, "nr_[OI]_6300.ampl": 12.440127652247126, "nr_[OI]_6363.ampl": 11.53225016295993, "nr_[SII]_6716.ampl": 12.190433463179877, "nr_[SII]_6730.ampl": 12.770071561535843, "nr_[OII]_7330.ampl": 9.953241103364938, "nr_Hd_4101.ampl": 29.181018649211303, "nr_Hg_4340.ampl": 40.59809343565007, "nr_Hb_4861.ampl": 161.46294035215288, "nr_Ha_6562.ampl": 500.0, "feii.amp_a2D2": 6.861488064604296, "feii.amp_a4G": 41.13945355418073, "feii.amp_a4H": 4.575764410164914, "feii.amp_a6S": 28.950913016807842, "feii.amp_b2H": 7.376254329610374, "feii.amp_b4D": 13.431568997861866, "feii.amp_b4F": 25.005917210612647, "feii.amp_b4P": 17.491522987363926, "feii.amp_e4D": 246.9798329488167, "feii.amp_e6D": 2.0, "feii.amp_z4D": 16.70022455164777, "feii.amp_z4F": 38.64051230250466, "feii.amp_z4P": 2.860830793475301, "feii.amp_y4G": 9.3423256490901, "feii.amp_b4G": 12.439802839558562, "feii.amp_x4D": 17.208563113374655, "feii.amp_y4P": 20.890329800260094, "feii.offs_kms": 283.24644089467205, "feii.fwhm": 2000.0, "he.amp_HeI_4144": 0.0, "he.amp_HeI_4471": 12.89959951172453, "he.amp_HeII_4686": 12.21543074517009, "he.amp_HeI_5877": 14.925056650726807, "he.amp_HeI_7065": 0.0, "he.amp_HeI_7281": 8.893257197365214, "he.amp_HeI_7816": 233.89028204307516, "he.offs_kms": 162.51805482578143, "he.fwhm": 2987.7216816106006}